[{"model": "admin.logentry", "pk": 1, "fields": {"action_time": "2023-07-10T18:57:55.159Z", "user": 1, "content_type": 7, "object_id": "1", "object_repr": "Электроника", "action_flag": 1, "change_message": "[{\"added\": {}}]"}}, {"model": "admin.logentry", "pk": 2, "fields": {"action_time": "2023-07-10T18:58:29.165Z", "user": 1, "content_type": 7, "object_id": "2", "object_repr": "Смартфоны", "action_flag": 1, "change_message": "[{\"added\": {}}]"}}, {"model": "admin.logentry", "pk": 3, "fields": {"action_time": "2023-07-10T19:25:25.704Z", "user": 1, "content_type": 10, "object_id": "1", "object_repr": "iPhone", "action_flag": 1, "change_message": "[{\"added\": {}}]"}}, {"model": "admin.logentry", "pk": 4, "fields": {"action_time": "2023-07-10T19:25:37.021Z", "user": 1, "content_type": 10, "object_id": "2", "object_repr": "Apple", "action_flag": 1, "change_message": "[{\"added\": {}}]"}}, {"model": "admin.logentry", "pk": 5, "fields": {"action_time": "2023-07-10T19:25:48.356Z", "user": 1, "content_type": 10, "object_id": "3", "object_repr": "флагман", "action_flag": 1, "change_message": "[{\"added\": {}}]"}}, {"model": "admin.logentry", "pk": 6, "fields": {"action_time": "2023-07-10T19:26:00.117Z", "user": 1, "content_type": 10, "object_id": "4", "object_repr": "камера", "action_flag": 1, "change_message": "[{\"added\": {}}]"}}, {"model": "admin.logentry", "pk": 7, "fields": {"action_time": "2023-07-10T19:26:08.288Z", "user": 1, "content_type": 10, "object_id": "5", "object_repr": "iOS", "action_flag": 1, "change_message": "[{\"added\": {}}]"}}, {"model": "admin.logentry", "pk": 8, "fields": {"action_time": "2023-07-10T19:26:36.301Z", "user": 1, "content_type": 9, "object_id": "1", "object_repr": "Specification object (1)", "action_flag": 1, "change_message": "[{\"added\": {}}]"}}, {"model": "admin.logentry", "pk": 9, "fields": {"action_time": "2023-07-10T19:27:22.548Z", "user": 1, "content_type": 9, "object_id": "2", "object_repr": "Specification object (2)", "action_flag": 1, "change_message": "[{\"added\": {}}]"}}, {"model": "admin.logentry", "pk": 10, "fields": {"action_time": "2023-07-10T19:27:37.042Z", "user": 1, "content_type": 9, "object_id": "3", "object_repr": "Specification object (3)", "action_flag": 1, "change_message": "[{\"added\": {}}]"}}, {"model": "admin.logentry", "pk": 11, "fields": {"action_time": "2023-07-10T19:27:56.470Z", "user": 1, "content_type": 9, "object_id": "4", "object_repr": "Specification object (4)", "action_flag": 1, "change_message": "[{\"added\": {}}]"}}, {"model": "admin.logentry", "pk": 12, "fields": {"action_time": "2023-07-10T19:28:13.761Z", "user": 1, "content_type": 9, "object_id": "5", "object_repr": "Specification object (5)", "action_flag": 1, "change_message": "[{\"added\": {}}]"}}, {"model": "admin.logentry", "pk": 13, "fields": {"action_time": "2023-07-10T19:28:28.363Z", "user": 1, "content_type": 8, "object_id": "1", "object_repr": "iPhone 12 Pro", "action_flag": 1, "change_message": "[{\"added\": {}}]"}}, {"model": "admin.logentry", "pk": 14, "fields": {"action_time": "2023-07-10T19:34:15.855Z", "user": 1, "content_type": 12, "object_id": "1", "object_repr": "Image object (1)", "action_flag": 1, "change_message": "[{\"added\": {}}]"}}, {"model": "admin.logentry", "pk": 15, "fields": {"action_time": "2023-07-10T19:34:26.081Z", "user": 1, "content_type": 12, "object_id": "2", "object_repr": "Image object (2)", "action_flag": 1, "change_message": "[{\"added\": {}}]"}}, {"model": "admin.logentry", "pk": 16, "fields": {"action_time": "2023-07-10T19:34:33.292Z", "user": 1, "content_type": 12, "object_id": "3", "object_repr": "Image object (3)", "action_flag": 1, "change_message": "[{\"added\": {}}]"}}, {"model": "admin.logentry", "pk": 17, "fields": {"action_time": "2023-07-10T19:34:40.645Z", "user": 1, "content_type": 12, "object_id": "4", "object_repr": "Image object (4)", "action_flag": 1, "change_message": "[{\"added\": {}}]"}}, {"model": "admin.logentry", "pk": 18, "fields": {"action_time": "2023-07-10T19:34:48.032Z", "user": 1, "content_type": 12, "object_id": "5", "object_repr": "Image object (5)", "action_flag": 1, "change_message": "[{\"added\": {}}]"}}, {"model": "admin.logentry", "pk": 19, "fields": {"action_time": "2023-07-10T19:34:56.629Z", "user": 1, "content_type": 12, "object_id": "6", "object_repr": "Image object (6)", "action_flag": 1, "change_message": "[{\"added\": {}}]"}}, {"model": "admin.logentry", "pk": 20, "fields": {"action_time": "2023-07-10T21:03:28.656Z", "user": 1, "content_type": 10, "object_id": "6", "object_repr": "Samsung", "action_flag": 1, "change_message": "[{\"added\": {}}]"}}, {"model": "admin.logentry", "pk": 21, "fields": {"action_time": "2023-07-10T21:03:35.697Z", "user": 1, "content_type": 10, "object_id": "7", "object_repr": "Galaxy", "action_flag": 1, "change_message": "[{\"added\": {}}]"}}, {"model": "admin.logentry", "pk": 22, "fields": {"action_time": "2023-07-10T21:03:51.761Z", "user": 1, "content_type": 10, "object_id": "8", "object_repr": "Android", "action_flag": 1, "change_message": "[{\"added\": {}}]"}}, {"model": "admin.logentry", "pk": 23, "fields": {"action_time": "2023-07-10T21:04:27.140Z", "user": 1, "content_type": 9, "object_id": "6", "object_repr": "Дисплей: Dynamic AMOLED 2X с диагональю 6.8 дюйма", "action_flag": 1, "change_message": "[{\"added\": {}}]"}}, {"model": "admin.logentry", "pk": 24, "fields": {"action_time": "2023-07-10T21:04:48.795Z", "user": 1, "content_type": 9, "object_id": "7", "object_repr": "Процессор: Exynos 2100 (в некоторых регионах - Qualcomm Snapdragon 888)", "action_flag": 1, "change_message": "[{\"added\": {}}]"}}, {"model": "admin.logentry", "pk": 25, "fields": {"action_time": "2023-07-10T21:05:13.098Z", "user": 1, "content_type": 9, "object_id": "8", "object_repr": "Камера: четыре задние камеры (108 Мп + 12 Мп + 10 Мп + 10 Мп), фронтальная камера 40 Мп", "action_flag": 1, "change_message": "[{\"added\": {}}]"}}, {"model": "admin.logentry", "pk": 26, "fields": {"action_time": "2023-07-10T21:05:33.571Z", "user": 1, "content_type": 9, "object_id": "9", "object_repr": "Операционная система: Android", "action_flag": 1, "change_message": "[{\"added\": {}}]"}}, {"model": "admin.logentry", "pk": 27, "fields": {"action_time": "2023-07-10T21:05:46.858Z", "user": 1, "content_type": 8, "object_id": "2", "object_repr": "Samsung Galaxy S21 Ultra", "action_flag": 1, "change_message": "[{\"added\": {}}]"}}, {"model": "admin.logentry", "pk": 28, "fields": {"action_time": "2023-07-10T21:09:59.388Z", "user": 1, "content_type": 12, "object_id": "7", "object_repr": "Image object (7)", "action_flag": 1, "change_message": "[{\"added\": {}}]"}}, {"model": "admin.logentry", "pk": 29, "fields": {"action_time": "2023-07-10T21:10:06.142Z", "user": 1, "content_type": 12, "object_id": "8", "object_repr": "Image object (8)", "action_flag": 1, "change_message": "[{\"added\": {}}]"}}, {"model": "admin.logentry", "pk": 30, "fields": {"action_time": "2023-07-10T21:10:13.314Z", "user": 1, "content_type": 12, "object_id": "9", "object_repr": "Image object (9)", "action_flag": 1, "change_message": "[{\"added\": {}}]"}}, {"model": "admin.logentry", "pk": 31, "fields": {"action_time": "2023-07-10T21:10:20.193Z", "user": 1, "content_type": 12, "object_id": "10", "object_repr": "Image object (10)", "action_flag": 1, "change_message": "[{\"added\": {}}]"}}, {"model": "admin.logentry", "pk": 32, "fields": {"action_time": "2023-07-10T21:10:27.003Z", "user": 1, "content_type": 12, "object_id": "11", "object_repr": "Image object (11)", "action_flag": 1, "change_message": "[{\"added\": {}}]"}}, {"model": "admin.logentry", "pk": 33, "fields": {"action_time": "2023-07-10T21:10:34.269Z", "user": 1, "content_type": 12, "object_id": "12", "object_repr": "Image object (12)", "action_flag": 1, "change_message": "[{\"added\": {}}]"}}, {"model": "admin.logentry", "pk": 34, "fields": {"action_time": "2023-07-14T18:33:29.012Z", "user": 1, "content_type": 7, "object_id": "3", "object_repr": "Ноутбуки", "action_flag": 1, "change_message": "[{\"added\": {}}]"}}, {"model": "admin.logentry", "pk": 35, "fields": {"action_time": "2023-07-14T18:34:48.953Z", "user": 1, "content_type": 10, "object_id": "9", "object_repr": "Asus", "action_flag": 1, "change_message": "[{\"added\": {}}]"}}, {"model": "admin.logentry", "pk": 36, "fields": {"action_time": "2023-07-14T18:35:07.375Z", "user": 1, "content_type": 10, "object_id": "10", "object_repr": "ZenBook", "action_flag": 1, "change_message": "[{\"added\": {}}]"}}, {"model": "admin.logentry", "pk": 37, "fields": {"action_time": "2023-07-14T18:35:48.160Z", "user": 1, "content_type": 9, "object_id": "10", "object_repr": "Процессор: Intel Core i7", "action_flag": 1, "change_message": "[{\"added\": {}}]"}}, {"model": "admin.logentry", "pk": 38, "fields": {"action_time": "2023-07-14T18:36:27.762Z", "user": 1, "content_type": 9, "object_id": "11", "object_repr": "Оперативная память: 16 ГБ", "action_flag": 1, "change_message": "[{\"added\": {}}]"}}, {"model": "admin.logentry", "pk": 39, "fields": {"action_time": "2023-07-14T18:37:03.673Z", "user": 1, "content_type": 9, "object_id": "12", "object_repr": "Накопитель: 1 ТБ SSD", "action_flag": 1, "change_message": "[{\"added\": {}}]"}}, {"model": "admin.logentry", "pk": 40, "fields": {"action_time": "2023-07-14T18:37:33.245Z", "user": 1, "content_type": 9, "object_id": "13", "object_repr": "Экран: 15,6-дюймовый 4K сенсорный", "action_flag": 1, "change_message": "[{\"added\": {}}]"}}, {"model": "admin.logentry", "pk": 41, "fields": {"action_time": "2023-07-14T18:37:41.830Z", "user": 1, "content_type": 8, "object_id": "3", "object_repr": "Asus ZenBook Pro 15", "action_flag": 1, "change_message": "[{\"added\": {}}]"}}, {"model": "admin.logentry", "pk": 42, "fields": {"action_time": "2023-07-14T18:38:45.592Z", "user": 1, "content_type": 10, "object_id": "11", "object_repr": "MacBook", "action_flag": 1, "change_message": "[{\"added\": {}}]"}}, {"model": "admin.logentry", "pk": 43, "fields": {"action_time": "2023-07-14T18:39:00.099Z", "user": 1, "content_type": 10, "object_id": "12", "object_repr": "Retina", "action_flag": 1, "change_message": "[{\"added\": {}}]"}}, {"model": "admin.logentry", "pk": 44, "fields": {"action_time": "2023-07-14T18:39:38.983Z", "user": 1, "content_type": 9, "object_id": "14", "object_repr": "Процессор: Intel Core i5", "action_flag": 1, "change_message": "[{\"added\": {}}]"}}, {"model": "admin.logentry", "pk": 45, "fields": {"action_time": "2023-07-14T18:40:02.562Z", "user": 1, "content_type": 9, "object_id": "15", "object_repr": "Оперативная память: 8 ГБ", "action_flag": 1, "change_message": "[{\"added\": {}}]"}}, {"model": "admin.logentry", "pk": 46, "fields": {"action_time": "2023-07-14T18:40:31.733Z", "user": 1, "content_type": 9, "object_id": "16", "object_repr": "Накопитель: 512 ГБ SSD", "action_flag": 1, "change_message": "[{\"added\": {}}]"}}, {"model": "admin.logentry", "pk": 47, "fields": {"action_time": "2023-07-14T18:40:44.927Z", "user": 1, "content_type": 9, "object_id": "17", "object_repr": "Экран: Retina-дисплей", "action_flag": 1, "change_message": "[{\"added\": {}}]"}}, {"model": "admin.logentry", "pk": 48, "fields": {"action_time": "2023-07-14T18:40:49.952Z", "user": 1, "content_type": 8, "object_id": "4", "object_repr": "Apple MacBook Pro 13", "action_flag": 1, "change_message": "[{\"added\": {}}]"}}, {"model": "admin.logentry", "pk": 49, "fields": {"action_time": "2023-07-14T18:43:15.583Z", "user": 1, "content_type": 12, "object_id": "13", "object_repr": "Image object (13)", "action_flag": 1, "change_message": "[{\"added\": {}}]"}}, {"model": "admin.logentry", "pk": 50, "fields": {"action_time": "2023-07-14T18:43:23.631Z", "user": 1, "content_type": 12, "object_id": "14", "object_repr": "Image object (14)", "action_flag": 1, "change_message": "[{\"added\": {}}]"}}, {"model": "admin.logentry", "pk": 51, "fields": {"action_time": "2023-07-14T18:43:31.207Z", "user": 1, "content_type": 12, "object_id": "15", "object_repr": "Image object (15)", "action_flag": 1, "change_message": "[{\"added\": {}}]"}}, {"model": "admin.logentry", "pk": 52, "fields": {"action_time": "2023-07-14T18:43:41.868Z", "user": 1, "content_type": 12, "object_id": "16", "object_repr": "Image object (16)", "action_flag": 1, "change_message": "[{\"added\": {}}]"}}, {"model": "admin.logentry", "pk": 53, "fields": {"action_time": "2023-07-14T18:43:49.263Z", "user": 1, "content_type": 12, "object_id": "17", "object_repr": "Image object (17)", "action_flag": 1, "change_message": "[{\"added\": {}}]"}}, {"model": "admin.logentry", "pk": 54, "fields": {"action_time": "2023-07-14T18:46:58.320Z", "user": 1, "content_type": 12, "object_id": "18", "object_repr": "Image object (18)", "action_flag": 1, "change_message": "[{\"added\": {}}]"}}, {"model": "admin.logentry", "pk": 55, "fields": {"action_time": "2023-07-14T18:47:07.057Z", "user": 1, "content_type": 12, "object_id": "19", "object_repr": "Image object (19)", "action_flag": 1, "change_message": "[{\"added\": {}}]"}}, {"model": "admin.logentry", "pk": 56, "fields": {"action_time": "2023-07-14T18:47:15.190Z", "user": 1, "content_type": 12, "object_id": "20", "object_repr": "Image object (20)", "action_flag": 1, "change_message": "[{\"added\": {}}]"}}, {"model": "admin.logentry", "pk": 57, "fields": {"action_time": "2023-07-14T18:47:24.108Z", "user": 1, "content_type": 12, "object_id": "21", "object_repr": "Image object (21)", "action_flag": 1, "change_message": "[{\"added\": {}}]"}}, {"model": "admin.logentry", "pk": 58, "fields": {"action_time": "2023-07-14T18:47:31.546Z", "user": 1, "content_type": 12, "object_id": "22", "object_repr": "Image object (22)", "action_flag": 1, "change_message": "[{\"added\": {}}]"}}, {"model": "auth.permission", "pk": 1, "fields": {"name": "Can add log entry", "content_type": 1, "codename": "add_logentry"}}, {"model": "auth.permission", "pk": 2, "fields": {"name": "Can change log entry", "content_type": 1, "codename": "change_logentry"}}, {"model": "auth.permission", "pk": 3, "fields": {"name": "Can delete log entry", "content_type": 1, "codename": "delete_logentry"}}, {"model": "auth.permission", "pk": 4, "fields": {"name": "Can view log entry", "content_type": 1, "codename": "view_logentry"}}, {"model": "auth.permission", "pk": 5, "fields": {"name": "Can add permission", "content_type": 2, "codename": "add_permission"}}, {"model": "auth.permission", "pk": 6, "fields": {"name": "Can change permission", "content_type": 2, "codename": "change_permission"}}, {"model": "auth.permission", "pk": 7, "fields": {"name": "Can delete permission", "content_type": 2, "codename": "delete_permission"}}, {"model": "auth.permission", "pk": 8, "fields": {"name": "Can view permission", "content_type": 2, "codename": "view_permission"}}, {"model": "auth.permission", "pk": 9, "fields": {"name": "Can add group", "content_type": 3, "codename": "add_group"}}, {"model": "auth.permission", "pk": 10, "fields": {"name": "Can change group", "content_type": 3, "codename": "change_group"}}, {"model": "auth.permission", "pk": 11, "fields": {"name": "Can delete group", "content_type": 3, "codename": "delete_group"}}, {"model": "auth.permission", "pk": 12, "fields": {"name": "Can view group", "content_type": 3, "codename": "view_group"}}, {"model": "auth.permission", "pk": 13, "fields": {"name": "Can add user", "content_type": 4, "codename": "add_user"}}, {"model": "auth.permission", "pk": 14, "fields": {"name": "Can change user", "content_type": 4, "codename": "change_user"}}, {"model": "auth.permission", "pk": 15, "fields": {"name": "Can delete user", "content_type": 4, "codename": "delete_user"}}, {"model": "auth.permission", "pk": 16, "fields": {"name": "Can view user", "content_type": 4, "codename": "view_user"}}, {"model": "auth.permission", "pk": 17, "fields": {"name": "Can add content type", "content_type": 5, "codename": "add_contenttype"}}, {"model": "auth.permission", "pk": 18, "fields": {"name": "Can change content type", "content_type": 5, "codename": "change_contenttype"}}, {"model": "auth.permission", "pk": 19, "fields": {"name": "Can delete content type", "content_type": 5, "codename": "delete_contenttype"}}, {"model": "auth.permission", "pk": 20, "fields": {"name": "Can view content type", "content_type": 5, "codename": "view_contenttype"}}, {"model": "auth.permission", "pk": 21, "fields": {"name": "Can add session", "content_type": 6, "codename": "add_session"}}, {"model": "auth.permission", "pk": 22, "fields": {"name": "Can change session", "content_type": 6, "codename": "change_session"}}, {"model": "auth.permission", "pk": 23, "fields": {"name": "Can delete session", "content_type": 6, "codename": "delete_session"}}, {"model": "auth.permission", "pk": 24, "fields": {"name": "Can view session", "content_type": 6, "codename": "view_session"}}, {"model": "auth.permission", "pk": 25, "fields": {"name": "Can add category", "content_type": 7, "codename": "add_category"}}, {"model": "auth.permission", "pk": 26, "fields": {"name": "Can change category", "content_type": 7, "codename": "change_category"}}, {"model": "auth.permission", "pk": 27, "fields": {"name": "Can delete category", "content_type": 7, "codename": "delete_category"}}, {"model": "auth.permission", "pk": 28, "fields": {"name": "Can view category", "content_type": 7, "codename": "view_category"}}, {"model": "auth.permission", "pk": 29, "fields": {"name": "Can add product", "content_type": 8, "codename": "add_product"}}, {"model": "auth.permission", "pk": 30, "fields": {"name": "Can change product", "content_type": 8, "codename": "change_product"}}, {"model": "auth.permission", "pk": 31, "fields": {"name": "Can delete product", "content_type": 8, "codename": "delete_product"}}, {"model": "auth.permission", "pk": 32, "fields": {"name": "Can view product", "content_type": 8, "codename": "view_product"}}, {"model": "auth.permission", "pk": 33, "fields": {"name": "Can add specification", "content_type": 9, "codename": "add_specification"}}, {"model": "auth.permission", "pk": 34, "fields": {"name": "Can change specification", "content_type": 9, "codename": "change_specification"}}, {"model": "auth.permission", "pk": 35, "fields": {"name": "Can delete specification", "content_type": 9, "codename": "delete_specification"}}, {"model": "auth.permission", "pk": 36, "fields": {"name": "Can view specification", "content_type": 9, "codename": "view_specification"}}, {"model": "auth.permission", "pk": 37, "fields": {"name": "Can add tag", "content_type": 10, "codename": "add_tag"}}, {"model": "auth.permission", "pk": 38, "fields": {"name": "Can change tag", "content_type": 10, "codename": "change_tag"}}, {"model": "auth.permission", "pk": 39, "fields": {"name": "Can delete tag", "content_type": 10, "codename": "delete_tag"}}, {"model": "auth.permission", "pk": 40, "fields": {"name": "Can view tag", "content_type": 10, "codename": "view_tag"}}, {"model": "auth.permission", "pk": 41, "fields": {"name": "Can add review", "content_type": 11, "codename": "add_review"}}, {"model": "auth.permission", "pk": 42, "fields": {"name": "Can change review", "content_type": 11, "codename": "change_review"}}, {"model": "auth.permission", "pk": 43, "fields": {"name": "Can delete review", "content_type": 11, "codename": "delete_review"}}, {"model": "auth.permission", "pk": 44, "fields": {"name": "Can view review", "content_type": 11, "codename": "view_review"}}, {"model": "auth.permission", "pk": 45, "fields": {"name": "Can add image", "content_type": 12, "codename": "add_image"}}, {"model": "auth.permission", "pk": 46, "fields": {"name": "Can change image", "content_type": 12, "codename": "change_image"}}, {"model": "auth.permission", "pk": 47, "fields": {"name": "Can delete image", "content_type": 12, "codename": "delete_image"}}, {"model": "auth.permission", "pk": 48, "fields": {"name": "Can view image", "content_type": 12, "codename": "view_image"}}, {"model": "auth.permission", "pk": 49, "fields": {"name": "Can add profile", "content_type": 13, "codename": "add_profile"}}, {"model": "auth.permission", "pk": 50, "fields": {"name": "Can change profile", "content_type": 13, "codename": "change_profile"}}, {"model": "auth.permission", "pk": 51, "fields": {"name": "Can delete profile", "content_type": 13, "codename": "delete_profile"}}, {"model": "auth.permission", "pk": 52, "fields": {"name": "Can view profile", "content_type": 13, "codename": "view_profile"}}, {"model": "auth.permission", "pk": 53, "fields": {"name": "Can add avatar", "content_type": 14, "codename": "add_avatar"}}, {"model": "auth.permission", "pk": 54, "fields": {"name": "Can change avatar", "content_type": 14, "codename": "change_avatar"}}, {"model": "auth.permission", "pk": 55, "fields": {"name": "Can delete avatar", "content_type": 14, "codename": "delete_avatar"}}, {"model": "auth.permission", "pk": 56, "fields": {"name": "Can view avatar", "content_type": 14, "codename": "view_avatar"}}, {"model": "auth.permission", "pk": 57, "fields": {"name": "Can add order", "content_type": 15, "codename": "add_order"}}, {"model": "auth.permission", "pk": 58, "fields": {"name": "Can change order", "content_type": 15, "codename": "change_order"}}, {"model": "auth.permission", "pk": 59, "fields": {"name": "Can delete order", "content_type": 15, "codename": "delete_order"}}, {"model": "auth.permission", "pk": 60, "fields": {"name": "Can view order", "content_type": 15, "codename": "view_order"}}, {"model": "auth.permission", "pk": 61, "fields": {"name": "Can add order products", "content_type": 16, "codename": "add_orderproducts"}}, {"model": "auth.permission", "pk": 62, "fields": {"name": "Can change order products", "content_type": 16, "codename": "change_orderproducts"}}, {"model": "auth.permission", "pk": 63, "fields": {"name": "Can delete order products", "content_type": 16, "codename": "delete_orderproducts"}}, {"model": "auth.permission", "pk": 64, "fields": {"name": "Can view order products", "content_type": 16, "codename": "view_orderproducts"}}, {"model": "auth.user", "pk": 1, "fields": {"password": "pbkdf2_sha256$600000$7G93lgnrtQBVavdrs1QNES$kshSA9q5opMVy4kXjLa0s1fUIUubrXN3QLzXq3KZrYo=", "last_login": "2023-07-14T21:21:13.300Z", "is_superuser": true, "username": "admin", "first_name": "", "last_name": "", "email": "", "is_staff": true, "is_active": true, "date_joined": "2023-07-10T18:55:26.084Z", "groups": [], "user_permissions": []}}, {"model": "auth.user", "pk": 2, "fields": {"password": "pbkdf2_sha256$600000$PQJ2gHZ4EPBvSUd1Co5cYQ$iOXAOiKrlzj6qGwtuzpdGjyBACpP8n9s2b1hThPoW1s=", "last_login": "2023-07-26T17:42:01.330Z", "is_superuser": false, "username": "Sergey", "first_name": "Sergey Strakhov", "last_name": "", "email": "", "is_staff": false, "is_active": true, "date_joined": "2023-07-14T18:08:30.574Z", "groups": [], "user_permissions": []}}, {"model": "auth.user", "pk": 3, "fields": {"password": "pbkdf2_sha256$600000$7jUtzdtWGpe7Uod52suhEu$pxszZilxqElYkD/Tk9jFKTK5iio+LiW7zAlrOMrbfB4=", "last_login": "2023-07-26T17:42:44.504Z", "is_superuser": false, "username": "Dasha", "first_name": "Dasha", "last_name": "", "email": "", "is_staff": false, "is_active": true, "date_joined": "2023-07-26T17:42:44.282Z", "groups": [], "user_permissions": []}}, {"model": "contenttypes.contenttype", "pk": 1, "fields": {"app_label": "admin", "model": "logentry"}}, {"model": "contenttypes.contenttype", "pk": 2, "fields": {"app_label": "auth", "model": "permission"}}, {"model": "contenttypes.contenttype", "pk": 3, "fields": {"app_label": "auth", "model": "group"}}, {"model": "contenttypes.contenttype", "pk": 4, "fields": {"app_label": "auth", "model": "user"}}, {"model": "contenttypes.contenttype", "pk": 5, "fields": {"app_label": "contenttypes", "model": "contenttype"}}, {"model": "contenttypes.contenttype", "pk": 6, "fields": {"app_label": "sessions", "model": "session"}}, {"model": "contenttypes.contenttype", "pk": 7, "fields": {"app_label": "shop_api", "model": "category"}}, {"model": "contenttypes.contenttype", "pk": 8, "fields": {"app_label": "shop_api", "model": "product"}}, {"model": "contenttypes.contenttype", "pk": 9, "fields": {"app_label": "shop_api", "model": "specification"}}, {"model": "contenttypes.contenttype", "pk": 10, "fields": {"app_label": "shop_api", "model": "tag"}}, {"model": "contenttypes.contenttype", "pk": 11, "fields": {"app_label": "shop_api", "model": "review"}}, {"model": "contenttypes.contenttype", "pk": 12, "fields": {"app_label": "shop_api", "model": "image"}}, {"model": "contenttypes.contenttype", "pk": 13, "fields": {"app_label": "shop_api", "model": "profile"}}, {"model": "contenttypes.contenttype", "pk": 14, "fields": {"app_label": "shop_api", "model": "avatar"}}, {"model": "contenttypes.contenttype", "pk": 15, "fields": {"app_label": "shop_api", "model": "order"}}, {"model": "contenttypes.contenttype", "pk": 16, "fields": {"app_label": "shop_api", "model": "orderproducts"}}, {"model": "sessions.session", "pk": "3h31awj07uz41nsxkaqxok6dofu899yv", "fields": {"session_data": "eyJjYXJ0IjpbeyJpZCI6MiwiY291bnQiOjF9XX0:1qKMSw:OTnRSERy6yak1yMC4aiuvmvg6DH_HTBR3dYc28PzWH4", "expire_date": "2023-07-28T17:20:26.981Z"}}, {"model": "sessions.session", "pk": "9clke1q0o5sm2wwrvf4qlknov5m67b6p", "fields": {"session_data": "eyJjYXJ0IjpbeyJpZCI6MiwiY291bnQiOjF9XX0:1qKMSw:OTnRSERy6yak1yMC4aiuvmvg6DH_HTBR3dYc28PzWH4", "expire_date": "2023-07-28T17:20:26.823Z"}}, {"model": "sessions.session", "pk": "ij9n1d0motz3rqvamei221kgfxfodli1", "fields": {"session_data": "eyJjYXJ0IjpbeyJpZCI6MSwiY291bnQiOjJ9XX0:1qKMGc:i6kpaf-S0av5xTkRt6BAi1ryZXYd4V0vO4EGm34qhOk", "expire_date": "2023-07-28T17:07:42.055Z"}}, {"model": "sessions.session", "pk": "kcv0v0eowb8vdlkjc2zqndylf9p7jpbz", "fields": {"session_data": "eyJjYXJ0IjpbeyJpZCI6MiwiY291bnQiOjF9XX0:1qKMSv:4PhyUAT0JydbDURK1n7xGQ6Abl6vFEigehdF9AADs7M", "expire_date": "2023-07-28T17:20:25.585Z"}}, {"model": "sessions.session", "pk": "m3i7wa6cisd8c35a8ijfi9egogwqaue4", "fields": {"session_data": "eyJjYXJ0IjpbeyJpZCI6MiwiY291bnQiOjF9XX0:1qKMUq:gGTbhMzfiurDKeHKNNlCaIhJDyyI2uI_4LTCBD1aI5s", "expire_date": "2023-07-28T17:22:24.321Z"}}, {"model": "sessions.session", "pk": "msyjimp83br6hvv7aba3lzi6t3kx8kkd", "fields": {"session_data": "eyJjYXJ0IjpbeyJpZCI6MiwiY291bnQiOjF9XX0:1qKMSw:OTnRSERy6yak1yMC4aiuvmvg6DH_HTBR3dYc28PzWH4", "expire_date": "2023-07-28T17:20:26.608Z"}}, {"model": "sessions.session", "pk": "nckql9hwekkyaqlhd20x8cf7thkqvio2", "fields": {"session_data": ".eJxVjE0OgjAYBe_StWla2pKWpXtPYAz5_iqogaSFlfHuQsJCt2_mzVv1sC5Dv1Yp_ciqU06dfjcEesq0A37AdJ81zdNSRtS7og9a9WVmeZ0P9y8wQB22NxFYTB6tB8iIKE0U4WCTaVIbW3acwBuhYCn71nifGV0OMWbhHBxtUYKyqO56-3wBYA88Lg:1qOim0:iBzPCDW0x9JLpQjiMBFma9hX_z1WoPn0GBjGFZjfl5c", "expire_date": "2023-08-09T17:58:08.999Z"}}, {"model": "sessions.session", "pk": "xeq7gzkbodz0a7p5ookkzaj3105kwucx", "fields": {"session_data": "eyJjYXJ0IjpbeyJpZCI6MiwiY291bnQiOjF9XX0:1qKMR9:yU0BtQhW40owZV1dBB_rTQOntHf5XeHVXByDKmWzeH4", "expire_date": "2023-07-28T17:18:35.740Z"}}, {"model": "shop_api.tag", "pk": 1, "fields": {"name": "iPhone"}}, {"model": "shop_api.tag", "pk": 2, "fields": {"name": "Apple"}}, {"model": "shop_api.tag", "pk": 3, "fields": {"name": "флагман"}}, {"model": "shop_api.tag", "pk": 4, "fields": {"name": "камера"}}, {"model": "shop_api.tag", "pk": 5, "fields": {"name": "iOS"}}, {"model": "shop_api.tag", "pk": 6, "fields": {"name": "Samsung"}}, {"model": "shop_api.tag", "pk": 7, "fields": {"name": "Galaxy"}}, {"model": "shop_api.tag", "pk": 8, "fields": {"name": "Android"}}, {"model": "shop_api.tag", "pk": 9, "fields": {"name": "Asus"}}, {"model": "shop_api.tag", "pk": 10, "fields": {"name": "ZenBook"}}, {"model": "shop_api.tag", "pk": 11, "fields": {"name": "MacBook"}}, {"model": "shop_api.tag", "pk": 12, "fields": {"name": "Retina"}}, {"model": "shop_api.specification", "pk": 1, "fields": {"name": "Дисплей", "value": "OLED с диагональю 6.1 дюйма"}}, {"model": "shop_api.specification", "pk": 2, "fields": {"name": "Процессор", "value": "A14 Bionic"}}, {"model": "shop_api.specification", "pk": 3, "fields": {"name": "Камера", "value": "тройная камера 12 Мп + LiDAR сканер"}}, {"model": "shop_api.specification", "pk": 4, "fields": {"name": "Операционная система", "value": "iOS"}}, {"model": "shop_api.specification", "pk": 5, "fields": {"name": "Память", "value": "128 ГБ"}}, {"model": "shop_api.specification", "pk": 6, "fields": {"name": "Дисплей", "value": "Dynamic AMOLED 2X с диагональю 6.8 дюйма"}}, {"model": "shop_api.specification", "pk": 7, "fields": {"name": "Процессор", "value": "Exynos 2100 (в некоторых регионах - Qualcomm Snapdragon 888)"}}, {"model": "shop_api.specification", "pk": 8, "fields": {"name": "Камера", "value": "четыре задние камеры (108 Мп + 12 Мп + 10 Мп + 10 Мп), фронтальная камера 40 Мп"}}, {"model": "shop_api.specification", "pk": 9, "fields": {"name": "Операционная система", "value": "Android"}}, {"model": "shop_api.specification", "pk": 10, "fields": {"name": "Процессор", "value": "Intel Core i7"}}, {"model": "shop_api.specification", "pk": 11, "fields": {"name": "Оперативная память", "value": "16 ГБ"}}, {"model": "shop_api.specification", "pk": 12, "fields": {"name": "Накопитель", "value": "1 ТБ SSD"}}, {"model": "shop_api.specification", "pk": 13, "fields": {"name": "Экран", "value": "15,6-дюймовый 4K сенсорный"}}, {"model": "shop_api.specification", "pk": 14, "fields": {"name": "Процессор", "value": "Intel Core i5"}}, {"model": "shop_api.specification", "pk": 15, "fields": {"name": "Оперативная память", "value": "8 ГБ"}}, {"model": "shop_api.specification", "pk": 16, "fields": {"name": "Накопитель", "value": "512 ГБ SSD"}}, {"model": "shop_api.specification", "pk": 17, "fields": {"name": "Экран", "value": "Retina-дисплей"}}, {"model": "shop_api.category", "pk": 1, "fields": {"title": "Электроника", "image": "categories/electronics.png", "parent": null}}, {"model": "shop_api.category", "pk": 2, "fields": {"title": "Смартфоны", "image": "categories/phones.png", "parent": 1}}, {"model": "shop_api.category", "pk": 3, "fields": {"title": "Ноутбуки", "image": "categories/notebooks.png", "parent": 1}}, {"model": "shop_api.product", "pk": 1, "fields": {"category": 2, "price": "999.00", "count": 20, "date": "2023-07-10T19:04:37Z", "title": "iPhone 12 Pro", "description": "Новейшая модель iPhone с мощным процессором и улучшенной камерой.", "fullDescription": "iPhone 12 Pro - это флагманский смартфон от компании Apple, который обладает превосходными характеристиками. Он оснащен процессором A14 Bionic для быстрой и плавной работы, а также тройной камерой с функцией ночного режима для высококачественных фотографий даже при слабом освещении.", "freeDelivery": false, "is_limited": false, "number_of_purchases": 0, "on_banner": true, "tags": [1, 2, 3, 4, 5], "specifications": [1, 2, 3, 4, 5]}}, {"model": "shop_api.product", "pk": 2, "fields": {"category": 2, "price": "1199.00", "count": 20, "date": "2023-07-10T21:01:51Z", "title": "Samsung Galaxy S21 Ultra", "description": "Мощный смартфон с большим дисплеем и продвинутой камерой.", "fullDescription": "Samsung Galaxy S21 Ultra - это флагманский телефон от Samsung с выдающимися характеристиками. Он имеет огромный дисплей диагональю 6.8 дюймов с частотой обновления 120 Гц, а также четыре задние камеры, включая камеру с разрешением 108 Мп для великолепных снимков.", "freeDelivery": false, "is_limited": false, "number_of_purchases": 0, "on_banner": true, "tags": [3, 4, 6, 7, 8], "specifications": [5, 6, 7, 8, 9]}}, {"model": "shop_api.product", "pk": 3, "fields": {"category": 3, "price": "1999.00", "count": 20, "date": "2023-07-14T18:32:36Z", "title": "Asus ZenBook Pro 15", "description": "Мощный и стильный ноутбук с высокой производительностью.", "fullDescription": "Ноутбук Asus ZenBook Pro 15 представляет собой идеальное сочетание стиля и производительности. Он оснащен мощным процессором Intel Core i7, 16 ГБ оперативной памяти и 1 ТБ SSD-накопителем. Ноутбук также обладает 15,6-дюймовым 4K-сенсорным экраном, который поддерживает живые и четкие изображения. Стильный дизайн и легкий вес делают этот ноутбук отличным вариантом для профессионалов и творческих людей.", "freeDelivery": false, "is_limited": true, "number_of_purchases": 0, "on_banner": true, "tags": [9, 10], "specifications": [10, 11, 12, 13]}}, {"model": "shop_api.product", "pk": 4, "fields": {"category": 3, "price": "1299.00", "count": 20, "date": "2023-07-14T18:37:42Z", "title": "Apple MacBook Pro 13", "description": "Ультратонкий и мощный ноутбук от Apple.", "fullDescription": "Ноутбук Apple MacBook Pro 13 - это идеальное решение для пользователей, которые ищут портативность, мощность и надежность. Уровень детализации Retina-дисплея просто поражает: яркость, контрастность и точность цветовых оттенков создают невероятно четкие и реалистичные изображения. Он оснащен процессором Intel Core i5, 8 ГБ оперативной памяти и 512 ГБ SSD-накопителем. Невероятно тонкий и легкий, этот ноутбук обеспечивает безукоризненную работу в любом месте.", "freeDelivery": false, "is_limited": true, "number_of_purchases": 0, "on_banner": false, "tags": [2, 11, 12], "specifications": [14, 15, 16, 17]}}, {"model": "shop_api.image", "pk": 1, "fields": {"product_id": 1, "image": "products/1/iphone12pro1.webp", "alt": "iPhone 12 Pro"}}, {"model": "shop_api.image", "pk": 2, "fields": {"product_id": 1, "image": "products/1/iphone12pro2.webp", "alt": "iPhone 12 Pro"}}, {"model": "shop_api.image", "pk": 3, "fields": {"product_id": 1, "image": "products/1/iphone12pro3.webp", "alt": "iPhone 12 Pro"}}, {"model": "shop_api.image", "pk": 4, "fields": {"product_id": 1, "image": "products/1/iphone12pro4.webp", "alt": "iPhone 12 Pro"}}, {"model": "shop_api.image", "pk": 5, "fields": {"product_id": 1, "image": "products/1/iphone12pro5.webp", "alt": "iPhone 12 Pro"}}, {"model": "shop_api.image", "pk": 6, "fields": {"product_id": 1, "image": "products/1/iphone12pro6.webp", "alt": "iPhone 12 Pro"}}, {"model": "shop_api.image", "pk": 7, "fields": {"product_id": 2, "image": "products/2/SamsungGalaxyS21Ultra.webp", "alt": "Samsung Galaxy S21 Ultra"}}, {"model": "shop_api.image", "pk": 8, "fields": {"product_id": 2, "image": "products/2/SamsungGalaxyS21Ultra2.webp", "alt": "Samsung Galaxy S21 Ultra"}}, {"model": "shop_api.image", "pk": 9, "fields": {"product_id": 2, "image": "products/2/SamsungGalaxyS21Ultra3.webp", "alt": "Samsung Galaxy S21 Ultra"}}, {"model": "shop_api.image", "pk": 10, "fields": {"product_id": 2, "image": "products/2/SamsungGalaxyS21Ultra4.webp", "alt": "Samsung Galaxy S21 Ultra"}}, {"model": "shop_api.image", "pk": 11, "fields": {"product_id": 2, "image": "products/2/SamsungGalaxyS21Ultra5.webp", "alt": "Samsung Galaxy S21 Ultra"}}, {"model": "shop_api.image", "pk": 12, "fields": {"product_id": 2, "image": "products/2/SamsungGalaxyS21Ultra6.webp", "alt": "Samsung Galaxy S21 Ultra"}}, {"model": "shop_api.image", "pk": 13, "fields": {"product_id": 3, "image": "products/3/AsusZenBookPro151.webp", "alt": "Asus ZenBook Pro 15"}}, {"model": "shop_api.image", "pk": 14, "fields": {"product_id": 3, "image": "products/3/AsusZenBookPro152.webp", "alt": "Asus ZenBook Pro 15"}}, {"model": "shop_api.image", "pk": 15, "fields": {"product_id": 3, "image": "products/3/AsusZenBookPro153.webp", "alt": "Asus ZenBook Pro 15"}}, {"model": "shop_api.image", "pk": 16, "fields": {"product_id": 3, "image": "products/3/AsusZenBookPro154.webp", "alt": "Asus ZenBook Pro 15"}}, {"model": "shop_api.image", "pk": 17, "fields": {"product_id": 3, "image": "products/3/AsusZenBookPro155.webp", "alt": "Asus ZenBook Pro 15"}}, {"model": "shop_api.image", "pk": 18, "fields": {"product_id": 4, "image": "products/4/AppleMacBookPro131.jpg", "alt": "Apple MacBook Pro 13"}}, {"model": "shop_api.image", "pk": 19, "fields": {"product_id": 4, "image": "products/4/AppleMacBookPro132.jpg", "alt": "Apple MacBook Pro 13"}}, {"model": "shop_api.image", "pk": 20, "fields": {"product_id": 4, "image": "products/4/AppleMacBookPro133.jpg", "alt": "Apple MacBook Pro 13"}}, {"model": "shop_api.image", "pk": 21, "fields": {"product_id": 4, "image": "products/4/AppleMacBookPro134.jpg", "alt": "Apple MacBook Pro 13"}}, {"model": "shop_api.image", "pk": 22, "fields": {"product_id": 4, "image": "products/4/AppleMacBookPro135.jpg", "alt": "Apple MacBook Pro 13"}}, {"model": "shop_api.review", "pk": 1, "fields": {"product_id": 4, "author": "Ашот", "email": "ashot@ashot.az", "text": "Вах какой бук красивый!!!", "rate": 5, "date": "2023-07-14T19:56:58.612Z"}}, {"model": "shop_api.profile", "pk": 1, "fields": {"user": 2, "fullName": "Sergey Strakhov", "email": "", "phone": ""}}, {"model": "shop_api.profile", "pk": 2, "fields": {"user": 3, "fullName": "Dasha", "email": "", "phone": ""}}, {"model": "shop_api.avatar", "pk": 1, "fields": {"profile": 1, "avatar": "users/1/avatar/AppleMacBookPro131.jpg", "src": "/media/users/1/avatar/AppleMacBookPro131.jpg", "alt": "avatar"}}, {"model": "shop_api.avatar", "pk": 2, "fields": {"profile": 2, "avatar": "", "src": "", "alt": ""}}, {"model": "shop_api.order", "pk": 1, "fields": {"user": 2, "createdAt": "2023-07-17T20:12:31.790Z", "fullName": "", "email": "", "phone": "", "deliveryType": "", "paymentType": "", "totalCost": null, "status": "", "city": "", "address": ""}}, {"model": "shop_api.order", "pk": 2, "fields": {"user": 2, "createdAt": "2023-07-17T20:14:26.690Z", "fullName": "", "email": "", "phone": "", "deliveryType": "", "paymentType": "", "totalCost": null, "status": "", "city": "", "address": ""}}, {"model": "shop_api.order", "pk": 3, "fields": {"user": 2, "createdAt": "2023-07-17T20:14:27.989Z", "fullName": "", "email": "", "phone": "", "deliveryType": "", "paymentType": "", "totalCost": null, "status": "", "city": "", "address": ""}}, {"model": "shop_api.order", "pk": 4, "fields": {"user": 2, "createdAt": "2023-07-17T20:15:11.272Z", "fullName": "", "email": "", "phone": "", "deliveryType": "", "paymentType": "", "totalCost": null, "status": "", "city": "", "address": ""}}, {"model": "shop_api.order", "pk": 5, "fields": {"user": 2, "createdAt": "2023-07-17T20:54:04.179Z", "fullName": "", "email": "", "phone": "", "deliveryType": "", "paymentType": "", "totalCost": null, "status": "", "city": "", "address": ""}}, {"model": "shop_api.order", "pk": 6, "fields": {"user": 2, "createdAt": "2023-07-17T20:54:58.697Z", "fullName": "", "email": "", "phone": "", "deliveryType": "", "paymentType": "", "totalCost": null, "status": "", "city": "", "address": ""}}, {"model": "shop_api.order", "pk": 7, "fields": {"user": 2, "createdAt": "2023-07-17T20:56:22.059Z", "fullName": "Si Roja", "email": "si@roja.net", "phone": "+78005553535", "deliveryType": "ordinary", "paymentType": "online", "totalCost": null, "status": "paid", "city": "", "address": ""}}, {"model": "shop_api.order", "pk": 8, "fields": {"user": 2, "createdAt": "2023-07-17T21:01:19.449Z", "fullName": "", "email": "", "phone": "", "deliveryType": "", "paymentType": "", "totalCost": null, "status": "", "city": "", "address": ""}}, {"model": "shop_api.order", "pk": 9, "fields": {"user": 2, "createdAt": "2023-07-17T21:03:04.497Z", "fullName": "", "email": "", "phone": "", "deliveryType": "", "paymentType": "", "totalCost": null, "status": "", "city": "", "address": ""}}, {"model": "shop_api.order", "pk": 10, "fields": {"user": 2, "createdAt": "2023-07-17T21:04:38.669Z", "fullName": "", "email": "", "phone": "", "deliveryType": "", "paymentType": "", "totalCost": null, "status": "", "city": "", "address": ""}}, {"model": "shop_api.order", "pk": 11, "fields": {"user": 2, "createdAt": "2023-07-17T21:05:11.006Z", "fullName": "", "email": "", "phone": "", "deliveryType": "", "paymentType": "", "totalCost": null, "status": "", "city": "", "address": ""}}, {"model": "shop_api.order", "pk": 12, "fields": {"user": 2, "createdAt": "2023-07-17T21:07:37.078Z", "fullName": "", "email": "", "phone": "", "deliveryType": "", "paymentType": "", "totalCost": null, "status": "", "city": "", "address": ""}}, {"model": "shop_api.order", "pk": 13, "fields": {"user": 2, "createdAt": "2023-07-17T22:15:33.798Z", "fullName": "", "email": "", "phone": "", "deliveryType": "", "paymentType": "", "totalCost": null, "status": "", "city": "", "address": ""}}, {"model": "shop_api.order", "pk": 14, "fields": {"user": 2, "createdAt": "2023-07-17T23:08:17.719Z", "fullName": "", "email": "", "phone": "", "deliveryType": "", "paymentType": "", "totalCost": null, "status": "", "city": "", "address": ""}}, {"model": "shop_api.order", "pk": 15, "fields": {"user": 2, "createdAt": "2023-07-21T17:39:30.760Z", "fullName": "", "email": "", "phone": "", "deliveryType": "", "paymentType": "", "totalCost": null, "status": "", "city": "", "address": ""}}, {"model": "shop_api.order", "pk": 16, "fields": {"user": 2, "createdAt": "2023-07-22T10:12:05.623Z", "fullName": "", "email": "", "phone": "", "deliveryType": "", "paymentType": "", "totalCost": null, "status": "", "city": "", "address": ""}}, {"model": "shop_api.order", "pk": 17, "fields": {"user": 2, "createdAt": "2023-07-22T10:43:07.443Z", "fullName": "Si Roja", "email": "si@roja.net", "phone": "+78005553535", "deliveryType": "ordinary", "paymentType": "online", "totalCost": null, "status": "confirmed", "city": "AAAA", "address": "AAAA"}}, {"model": "shop_api.order", "pk": 18, "fields": {"user": 2, "createdAt": "2023-07-22T11:19:55.477Z", "fullName": "Si Roja", "email": "si@roja.net", "phone": "+78005553535", "deliveryType": "express", "paymentType": "online", "totalCost": null, "status": "", "city": "asas", "address": "asasas"}}, {"model": "shop_api.order", "pk": 19, "fields": {"user": 2, "createdAt": "2023-07-22T11:26:55.606Z", "fullName": "Si Roja", "email": "si@roja.net", "phone": "+78005553535", "deliveryType": "express", "paymentType": "someone", "totalCost": null, "status": "confirmed", "city": "asdf", "address": "asdf"}}, {"model": "shop_api.order", "pk": 20, "fields": {"user": 2, "createdAt": "2023-07-22T20:04:39.427Z", "fullName": "Si Roja", "email": "si@roja.net", "phone": "+78005553535", "deliveryType": "express", "paymentType": "someone", "totalCost": null, "status": "confirmed", "city": "vxzcvcvxz", "address": "zcvxzcv"}}, {"model": "shop_api.order", "pk": 21, "fields": {"user": 2, "createdAt": "2023-07-22T20:57:00.496Z", "fullName": "", "email": "", "phone": "", "deliveryType": "", "paymentType": "", "totalCost": null, "status": "confirmed", "city": "", "address": ""}}, {"model": "shop_api.order", "pk": 22, "fields": {"user": 2, "createdAt": "2023-07-22T21:01:39.126Z", "fullName": "", "email": "", "phone": "", "deliveryType": "", "paymentType": "", "totalCost": null, "status": "confirmed", "city": "", "address": ""}}, {"model": "shop_api.order", "pk": 23, "fields": {"user": 2, "createdAt": "2023-07-29T11:34:06.039Z", "fullName": "Si Roja", "email": "si@roja.net", "phone": "+78005553535", "deliveryType": "ordinary", "paymentType": "online", "totalCost": null, "status": "paid", "city": "sdfssfgsfgsfg", "address": "sfgsfgsfg"}}, {"model": "shop_api.order", "pk": 24, "fields": {"user": 2, "createdAt": "2023-07-26T17:24:35.374Z", "fullName": "Si Roja", "email": "si@roja.net", "phone": "+78005553535", "deliveryType": "express", "paymentType": "online", "totalCost": null, "status": "paid", "city": "asdf", "address": "asd"}}, {"model": "shop_api.order", "pk": 25, "fields": {"user": null, "createdAt": "2023-07-26T17:41:47.050Z", "fullName": "", "email": "", "phone": "", "deliveryType": "", "paymentType": "", "totalCost": null, "status": "", "city": "", "address": ""}}, {"model": "shop_api.order", "pk": 26, "fields": {"user": 3, "createdAt": "2023-07-26T17:43:05.225Z", "fullName": "Дарья Андреевна Страхова", "email": "daka.432@mail.ru", "phone": "+79150762534", "deliveryType": "ordinary", "paymentType": "online", "totalCost": null, "status": "confirmed", "city": "vvv", "address": "xxx"}}, {"model": "shop_api.orderproducts", "pk": 1, "fields": {"order": 4, "product": 2, "count": 1}}, {"model": "shop_api.orderproducts", "pk": 2, "fields": {"order": 4, "product": 4, "count": 2}}, {"model": "shop_api.orderproducts", "pk": 3, "fields": {"order": 5, "product": 2, "count": 1}}, {"model": "shop_api.orderproducts", "pk": 4, "fields": {"order": 5, "product": 4, "count": 2}}, {"model": "shop_api.orderproducts", "pk": 5, "fields": {"order": 6, "product": 2, "count": 1}}, {"model": "shop_api.orderproducts", "pk": 6, "fields": {"order": 6, "product": 4, "count": 2}}, {"model": "shop_api.orderproducts", "pk": 7, "fields": {"order": 7, "product": 2, "count": 1}}, {"model": "shop_api.orderproducts", "pk": 8, "fields": {"order": 7, "product": 4, "count": 2}}, {"model": "shop_api.orderproducts", "pk": 9, "fields": {"order": 8, "product": 2, "count": 1}}, {"model": "shop_api.orderproducts", "pk": 10, "fields": {"order": 8, "product": 4, "count": 2}}, {"model": "shop_api.orderproducts", "pk": 11, "fields": {"order": 9, "product": 2, "count": 1}}, {"model": "shop_api.orderproducts", "pk": 12, "fields": {"order": 9, "product": 4, "count": 2}}, {"model": "shop_api.orderproducts", "pk": 13, "fields": {"order": 10, "product": 2, "count": 1}}, {"model": "shop_api.orderproducts", "pk": 14, "fields": {"order": 10, "product": 4, "count": 2}}, {"model": "shop_api.orderproducts", "pk": 15, "fields": {"order": 11, "product": 2, "count": 1}}, {"model": "shop_api.orderproducts", "pk": 16, "fields": {"order": 11, "product": 4, "count": 2}}, {"model": "shop_api.orderproducts", "pk": 17, "fields": {"order": 12, "product": 2, "count": 1}}, {"model": "shop_api.orderproducts", "pk": 18, "fields": {"order": 12, "product": 4, "count": 2}}, {"model": "shop_api.orderproducts", "pk": 19, "fields": {"order": 13, "product": 2, "count": 1}}, {"model": "shop_api.orderproducts", "pk": 20, "fields": {"order": 13, "product": 4, "count": 2}}, {"model": "shop_api.orderproducts", "pk": 21, "fields": {"order": 14, "product": 2, "count": 1}}, {"model": "shop_api.orderproducts", "pk": 22, "fields": {"order": 14, "product": 4, "count": 2}}, {"model": "shop_api.orderproducts", "pk": 23, "fields": {"order": 15, "product": 2, "count": 1}}, {"model": "shop_api.orderproducts", "pk": 24, "fields": {"order": 15, "product": 4, "count": 1}}, {"model": "shop_api.orderproducts", "pk": 25, "fields": {"order": 16, "product": 2, "count": 1}}, {"model": "shop_api.orderproducts", "pk": 26, "fields": {"order": 16, "product": 4, "count": 1}}, {"model": "shop_api.orderproducts", "pk": 27, "fields": {"order": 17, "product": 2, "count": 1}}, {"model": "shop_api.orderproducts", "pk": 28, "fields": {"order": 17, "product": 4, "count": 1}}, {"model": "shop_api.orderproducts", "pk": 29, "fields": {"order": 18, "product": 2, "count": 3}}, {"model": "shop_api.orderproducts", "pk": 30, "fields": {"order": 18, "product": 4, "count": 1}}, {"model": "shop_api.orderproducts", "pk": 31, "fields": {"order": 19, "product": 2, "count": 3}}, {"model": "shop_api.orderproducts", "pk": 32, "fields": {"order": 19, "product": 4, "count": 1}}, {"model": "shop_api.orderproducts", "pk": 33, "fields": {"order": 20, "product": 1, "count": 1}}, {"model": "shop_api.orderproducts", "pk": 34, "fields": {"order": 21, "product": 1, "count": 1}}, {"model": "shop_api.orderproducts", "pk": 35, "fields": {"order": 21, "product": 3, "count": 1}}, {"model": "shop_api.orderproducts", "pk": 36, "fields": {"order": 22, "product": 1, "count": 2}}, {"model": "shop_api.orderproducts", "pk": 37, "fields": {"order": 23, "product": 2, "count": 1}}, {"model": "shop_api.orderproducts", "pk": 38, "fields": {"order": 23, "product": 3, "count": 2}}, {"model": "shop_api.orderproducts", "pk": 39, "fields": {"order": 24, "product": 1, "count": 1}}, {"model": "shop_api.orderproducts", "pk": 40, "fields": {"order": 24, "product": 2, "count": 1}}, {"model": "shop_api.orderproducts", "pk": 41, "fields": {"order": 25, "product": 2, "count": 1}}, {"model": "shop_api.orderproducts", "pk": 42, "fields": {"order": 26, "product": 2, "count": 2}}]